source,target,value
Absolute Value,Length,1
Algebras,Operations,1
Almost Everywhere,Measures,1
Almost Everywhere Measurability,Almost Everywhere,1
Area,Length,1
Arithmetic,Algebras,1
Arithmetic,Function Composition,1
Arithmetic,Natural Numbers,1
Associative Operations,Operations,1
Basis,Linear Independence,1
Borel Sigma Algebra,Topological Sigma Algebra,1
Cardinality,Real Numbers,1
Categories,Functions,1
Commutative Operations,Operations,1
Complex Integrals,Real Integrals,1
Complex Measure Decomposition,Complex Measures,1
Complex Measure Decomposition,Signed Measure Decomposition,1
Complex Measures,Complex Numbers,1
Complex Measures,Measures,1
Complex Numbers,Real Numbers,1
Complex Plane,Complex Numbers,1
Complex Plane,Real Plane,1
Conjugate Exponent Inequality,Conjugate Exponents,1
Conjugate Exponents,Real Numbers,1
Constant Functions,Functions,1
Continuous Function Space,Real Continuity,1
Continuous Function Space,Vectors,1
Convex Set,Intervals,1
Counting Measure,Measures,1
Cover Area,Outer Cover Area,1
Cover Area Measurable,Outer Cover Area,1
Cover Length,Outer Cover Length,1
Cover Length Measurable,Outer Cover Length,1
Cover Measure,Outer Cover Measure,1
Cover Measure,Real Spaces,1
Cover Measure Uniqueness,Measures,1
Cumulative Distribution Function,Random Variables,1
Direct Products,Natural Order,1
Distance,Triangles,1
Distance Asymmetry,Distance,1
Distance Asymmetry,Space,1
Divisors,Arithmetic,1
Egoprox Limits,Real Limits,1
Element Functions,Algebras,1
Equivalence Relations,Partitions,1
Even,Divisors,1
Event Independence,Sigma Algebra Independence,1
Expectation,Real Integrals,1
Expectation,Random Variables,1
Extended Real Intervals,Extended Real Numbers,1
Extended Real Intervals,Intervals,1
Extended Real Numbers,Real Limits,1
Families,Set Operations,1
Fields,Rational Numbers,1
Fields,Real Numbers,1
Fields,Rings,1
Finite Measure Space,Signed Measures,1
Finite Measure Space,Measures,1
Finite Measures,Measures,1
Function Composition,Functions,1
Function Diagrams,Function Composition,1
Function Extensions,Functions,1
Function Inverses,Function Composition,1
Function Properties,Functions,1
Function Space,Sequence Space,1
Functionals,Vectors,1
Functions,Relations,1
Generated Monotone Class,Monotone Class,1
Generated Sigma Algebra,Sigma Algebra,1
Graph Cliques,Graphs,1
Graphs,Plane Figures,1
Graphs,Relations,1
Groups,Integer Numbers,1
Identity Elements,Identity Functions,1
Identity Elements,Element Functions,1
Identity Functions,Functions,1
Image Measures,Measurable Functions,1
Image Measures,Measures,1
Incommensurable Geometry,Infinite Process,1
Increasing Simple Function Approximation,Simple Functions,1
Independent Identically Distributed,Random Variable Independence,1
Independent Identically Distributed,Random Variable Law,1
Infinite Process,Natural Order,1
Inner Product Bound,Inner Product Norms,1
Inner Product Norms,Inner Products,1
Inner Product Norms,Norms,1
Inner Product Spaces,Normed Spaces,1
Inner Products,Vectors,1
Integer Numbers,Zero,1
Integrable Finite Almost Everywhere,Almost Everywhere,1
Integrable Function Seminorm,Integrable Function Triangle Inequality,1
Integrable Function Seminorm,Seminorms,1
Integrable Function Seminorms,Integrable Function Seminorm,1
Integrable Function Seminorms,Integrable Function Triangle Inequalities,1
Integrable Function Space,Integral Linearity,1
Integrable Function Spaces,Integrable Function Seminorm,1
Integrable Function Spaces,Integrable Function Space,1
Integrable Function Triangle Inequalities,Conjugate Exponent Inequality,1
Integrable Function Triangle Inequalities,Integrable Function Triangle Inequality,1
Integrable Function Triangle Inequality,Integrable Function Space,1
Integrable Quotient Function Spaces,Integrable Function Spaces,1
Integral Dominated Convergence,Integral Limit Inferior Bound,1
Integral Invariant to Negligible Differences,Almost Everywhere,1
Integral Limit Inferior Bound,Integral Monotone Convergence,1
Integral Limit Inferior Bound,Real Limiting Bounds,1
Integral Limit Theorems,Integral Dominated Convergence,1
Integral Linearity,Linear Functionals,1
Integral Linearity,Nonnegative Integral Additivity,1
Integral Linearity,Nonnegative Integral Monotonicity,1
Integral Linearity,Simprox Integrals,1
Integral Monotone Convergence,Simple Integral Monotone Convergence,1
Integral Monotonicity,Integral Linearity,1
Integral Series Convergence,Integral Monotone Convergence,1
Interval Partitions,Partition Refinement,1
Interval Partitions,Intervals,1
Intervals,Real Numbers,1
Inverse Elements,Function Inverses,1
Inverse Elements,Element Functions,1
Irrational Algebra,Rational Numbers,1
Irrational Algebra,Squaring Properties,1
Iterated Integrals,Product Measures,1
Length Impossibility,Length Common Notions,1
Linear Equations,Matrices,1
Linear Functionals,Functionals,1
Linear Functionals,Linear Maps,1
Linear Independence,Vectors,1
Linear Maps,Vectors,1
Lines,Points,1
Matrices,Linear Maps,1
Matroids,Linear Independence,1
Matroids,Subset System,1
Measurability of Borel Sets,Borel Sigma Algebra,1
Measurability of Borel Sets,Real Measurable Sets,1
Measurable Functions,Measures,1
Measurable Sections,Measures,1
Measurable Sections,Product Sections,1
Measurable Sections,Product Sigma Algebras,1
Measure Continuity,Measures,1
Measure Derivatives,Finite Measures,1
Measure Derivatives,Simprox Integrals,1
Measure Monotonicity,Finite Measures,1
Measure Properties,Measures,1
Measure Regularity,Measures,1
Measure Space,Measures,1
Measure Subadditivty,Measures,1
Measures,Cover Area,1
Measures,Cover Length,1
Metric Balls,Metrics,1
Metric Balls,Balls,1
Metric Balls,Space,1
Metric Completeness,Egoprox Limits,1
Metric Completeness,Metric Limits,1
Metric Continuity,Metric Balls,1
Metric Continuity,Real Continuity,1
Metric Limits,Metric Balls,1
Metric Limits,Real Limits,1
Metrics,Real Space,1
Metrics,Triangle Inequality,1
Metrics,Distance,1
Monotone Algebra,Monotone Class,1
Monotone Algebra,Sigma Algebra,1
Monotone Algebra,Subset Algebra,1
Monotone Class,Monotone Sequences,1
Monotone Class,Subset System,1
Monotone Class Theorem,Generated Monotone Class,1
Monotone Class Theorem,Generated Sigma Algebra,1
Monotone Class Theorem,Monotone Algebra,1
Monotone Sequences,Sequences,1
Natural Induction,Natural Numbers,1
Natural Numbers,Functions,1
Natural Order,Natural Numbers,1
Natural Order,Order Relations,1
Nets,Sequences,1
Nonnegative Integral Additivity,Increasing Simple Function Approximation,1
Nonnegative Integral Additivity,Nonnegative Simprox Integrals,1
Nonnegative Integral Additivity,Simple Integral Additivity,1
Nonnegative Integral Additivity,Simple Integral Monotone Convergence,1
Nonnegative Integral Monotonicity,Nonnegative Simprox Integrals,1
Nonnegative Simprox Integrals,Extended Real Intervals,1
Nonnegative Simprox Integrals,Real Number Bounds,1
Nonnegative Simprox Integrals,Simple Integrals,1
Norm Metrics,Metrics,1
Norm Metrics,Norms,1
Norm Space,Metric Completeness,1
Normed Spaces,Metric Completeness,1
Normed Spaces,Norm Metrics,1
Norms,Functionals,1
Odd,Even,1
Operations,Functions,1
Order Relations,Relations,1
Ordered Pairs,Subsets,1
Orthogonality,Inner Products,1
Outer Cover Area,Area,1
Outer Cover Area,Outer Cover Length,1
Outer Cover Length,Length,1
Outer Cover Length,Real Series,1
Outer Cover Measure,Outer Cover Area,1
Outer Measurable Sets,Outer Measures,1
Outer Measure Restriction,Outer Measure Sigma Algebra,1
Outer Measure Sigma Algebra,Outer Measurable Sets,1
Outer Measure Sigma Algebra,Sigma Algebra,1
Outer Measures,Extended Real Intervals,1
Outer Measures,Outer Cover Measure,1
Parallelogram Identity,Inner Product Norms,1
Partition Refinement,Partitions,1
Partitions,Families,1
Plane,Points,1
Plane Figures,Squares,1
Plane Figures,Triangles,1
Points,Geometry,1
Primes,Divisors,1
Probability Conditional Independence,Probability Independence,1
Probability Independence,Probability Measures,1
Probability Measures,Finite Measures,1
Product Measures,Cover Area,1
Product Measures,Measurable Sections,1
Product Measures,Measures,1
Product Metric Space,Metrics,1
Product Metric Space,Direct Products,1
Product Sections,Functions,1
Product Sigma Algebras,Sigma Algebra,1
Random Variable Independence,Sigma Algebra Independence,1
Random Variable Laws,Image Measures,1
Random Variable Moments,Random Variables,1
Random Variable Moments,Expectation,1
Random Variable Sigma Algebra,Random Variables,1
Random Variable Sigma Algebra,Sigma Algebra,1
Random Variables,Measurable Functions,1
Random Variables,Probability Measures,1
Random Variables,Topological Sigma Algebra,1
Random Vector,Random Variables,1
Random Vector,Real Spaces,1
Rational Numbers,Integer Numbers,1
Real Continuity,Real Functions,1
Real Continuity,Real Limits,1
Real Functions,Intervals,1
Real Limit Operations,Real Limits,1
Real Limiting Bounds,Real Limits,1
Real Limits,Absolute Value,1
Real Limits,Real Sequences,1
Real Measurable Functions,Measurable Functions,1
Real Measurable Sets,Outer Cover Measure,1
Real Measurable Sets,Outer Measure Sigma Algebra,1
Real Number Bounds,Real Numbers,1
Real Numbers,Incommensurable Geometry,1
Real Numbers,Irrational Algebra,1
Real Numbers Uniqueness,Fields,1
Real Plane,Real Numbers,1
Real Sequences,Real Numbers,1
Real Sequences,Sequences,1
Real Series,Real Limits,1
Real Space,Real Plane,1
Real Space,Space,1
Real Spaces,Real Space,1
Rectangular Functions,Real Functions,1
Rectangular Integrals,Area,1
Rectangular Integrals,Rectangular Functions,1
Relation Properties,Relations,1
Relations,Ordered Pairs,1
Rings,Groups,1
Scaled Vectors,Linear Maps,1
Section Measures,Finite Measures,1
Section Measures,Measurable Sections,1
Seminorms,Norms,1
Sequence Space,Real Limit Operations,1
Sequence Space,Vectors,1
Sequences,Direct Products,1
Sequences,Infinite Process,1
Set Examples,Sets,1
Set Extension,Sets,1
Set Operations,Commutative Operations,1
Set-Builder Notation,Sets,1
Sets,Objects,1
Sigma Algebra,Cardinality,1
Sigma Algebra,Outer Area Measurable,1
Sigma Algebra,Outer Length Measurable,1
Sigma Algebra,Subset Algebra,1
Sigma Algebra Independence,Probability Measures,1
Signed Measure Decomposition,Signed Measures,1
Signed Measure Examples,Integrable Function Space,1
Signed Measure Examples,Signed Measures,1
Signed Measures,Measures,1
Simple Functions,Partitions,1
Simple Functions,Rectangular Functions,1
Simple Integral Additivity,Partition Refinement,1
Simple Integral Additivity,Simple Integrals,1
Simple Integral Homogeneity,Simple Integrals,1
Simple Integral Monotone Convergence,Monotone Sequences,1
Simple Integral Monotone Convergence,Simple Integral Monotonicity,1
Simple Integral Monotonicity,Simple Integral Additivity,1
Simple Integrals,Measurable Functions,1
Simple Integrals,Rectangular Integrals,1
Simple Integrals,Simple Functions,1
Simprox Integrals,Nonnegative Simprox Integrals,1
Simprox Steprox Integrability,Simprox Integrals,1
Simprox Steprox Integrability,Steprox Integrability,1
Singular Measures,Measures,1
Solving Equations,Arithmetic,1
Solving Equations,Function Inverses,1
Squares,Lines,1
Squaring,Arithmetic,1
Squaring,Squares,1
Squaring Properties,Odd,1
Squaring Properties,Squaring,1
Standard Deviation,Variance,1
Standard Deviation,Covariance,1
Step Functions,Rectangular Functions,1
Step Integrals,Rectangular Integrals,1
Step Integrals,Step Functions,1
Steprox Integrability,Steprox Integrals,1
Steprox Integrability,Uniform Continuity,1
Steprox Integrals,Step Integrals,1
Subset Algebra,Subset System,1
Subset System,Set Operations,1
Subsets,Set Extension,1
Supremum Norm,Continuous Function Space,1
Supremum Norm,Norms,1
Supremum Norm Completeness,Metric Completeness,1
Supremum Norm Completeness,Norm Metrics,1
Supremum Norm Completeness,Supremum Norm,1
Tail Sigma Algebra,Random Variable Sigma Algebra,1
Topological Continuity,Metric Continuity,1
Topological Continuity,Topological Space,1
Topological Sigma Algebra,Generated Sigma Algebra,1
Topological Sigma Algebra,Topological Space,1
Topological Space,Metric Balls,1
Topological Space,Subset System,1
Topological Spaces,Metric Balls,1
Total Variation,Variation Measure,1
Total Variation Complete,Total Variation,1
Trees,Graphs,1
Triangle Inequality,Absolute Value,1
Triangles,Lines,1
Uniform Continuity,Real Continuity,1
Variation Measure,Signed Measure Decomposition,1
Vectors,Fields,1
Vectors,Real Spaces,1
Zero,Constant Functions,1
Zero,Function Extensions,1
Zero,Natural Order,1
Zero,Solving Equations,1
Zero One Law,Tail Sigma Algebra,1


