name,need
Probability Densities,Probability Distributions
Probability Densities,Real Integrals
Probability Distributions,Intervals
Probability Distributions,Real Summation
Probability Distributions,Uncertain Outcomes
Real Integrals,Nonnegative Integrals
Intervals,Real Line
Real Summation,Natural Summation
Real Summation,Real Numbers
Uncertain Outcomes,Natural Numbers
Uncertain Outcomes,Set Powers
Nonnegative Integrals,Simple Integrals
Real Line,Integral Line
Real Line,Real Order
Natural Summation,Family Operations
Natural Summation,Natural Sums
Real Numbers,Rational Numbers
Natural Numbers,Intersection of Empty Set
Natural Numbers,Set Differences
Natural Numbers,Successor Sets
Set Powers,Unordered Triples
Simple Integrals,Measurable Functions
Simple Integrals,Simple Functions
Integral Line,Geometry
Integral Line,Integer Arithmetic
Real Order,Comparisons
Real Order,Rational Order
Real Order,Real Numbers
Family Operations,Algebras
Family Operations,Families
Natural Sums,Recursion Theorem
Rational Numbers,Integer Arithmetic
Intersection of Empty Set,Pair Unions
Intersection of Empty Set,Set Intersections
Set Differences,Set Specification
Successor Sets,Pair Unions
Unordered Triples,Pair Unions
Measurable Functions,Measures
Simple Functions,Characteristic Functions
Simple Functions,Real Functions
Geometry,Sets
Integer Arithmetic,Integer Products
Integer Arithmetic,Integer Sums
Integer Arithmetic,Natural Additive Identity
Integer Arithmetic,Natural Multiplicative Identity
Comparisons,Converse Relations
Comparisons,Orders
Rational Order,Integer Order
Rational Order,Integer Products
Rational Order,Rational Numbers
Algebras,Operations
Families,Functions
Recursion Theorem,Peano Axioms
Pair Unions,Set Unions
Set Intersections,Pair Intersections
Set Specification,Set Inclusion
Measures,Extended Real Numbers
Measures,Sigma Algebras
Characteristic Functions,Natural Numbers
Characteristic Functions,Set Powers
Real Functions,Intervals
Sets,Names
Integer Products,Integer Numbers
Integer Products,Natural Products
Integer Sums,Integer Numbers
Integer Sums,Natural Sums
Natural Additive Identity,Arithmetic
Natural Additive Identity,Identity Elements
Natural Multiplicative Identity,Arithmetic
Natural Multiplicative Identity,Identity Elements
Converse Relations,Relations
Orders,Natural Order
Orders,Relations
Integer Order,Integer Numbers
Integer Order,Natural Sums
Integer Order,Orders
Operations,Functions
Functions,Relations
Peano Axioms,Natural Induction
Set Unions,Empty Set
Set Unions,Unordered Pairs
Pair Intersections,Set Specification
Set Inclusion,Standardized Accounts
Extended Real Numbers,Real Limits
Extended Real Numbers,Set Operations
Sigma Algebras,Real Series
Sigma Algebras,Subset Algebras
Names,Letters
Names,Objects
Integer Numbers,Equivalence Relations
Integer Numbers,Natural Numbers
Natural Products,Natural Sums
Arithmetic,Natural Powers
Arithmetic,Operations
Identity Elements,Operations
Relations,Set Products
Natural Order,Peano Axioms
Natural Induction,Natural Numbers
Empty Set,Set Specification
Unordered Pairs,Set Specification
Standardized Accounts,Accounts
Real Limits,Absolute Value
Real Limits,Real Sequences
Set Operations,Operations
Set Operations,Pair Intersections
Set Operations,Set Symmetric Differences
Real Series,Real Limits
Subset Algebras,Cardinality
Subset Algebras,Set Operations
Subset Algebras,Subset Systems
Equivalence Relations,Partitions
Equivalence Relations,Relations
Natural Powers,Natural Products
Set Products,Ordered Pairs
Set Products,Set Powers
Accounts,Deductions
Absolute Value,Interval Length
Real Sequences,Real Numbers
Real Sequences,Sequences
Set Symmetric Differences,Set Complements
Set Symmetric Differences,Set Unions
Cardinality,Finite Sets
Subset Systems,Ordered Pairs
Subset Systems,Set Powers
Partitions,Set Intersections
Partitions,Set Unions
Ordered Pairs,Unordered Pairs
Deductions,Quantified Statements
Interval Length,Intervals
Sequences,Lists
Set Complements,Empty Set
Set Complements,Set Differences
Finite Sets,Equivalent Sets
Quantified Statements,Logical Statements
Lists,Direct Products
Lists,Family Unions and Intersections
Lists,Set Numbers
Equivalent Sets,Equivalence Relations
Equivalent Sets,Function Inverses
Equivalent Sets,Natural Order
Logical Statements,Statements
Direct Products,Families
Family Unions and Intersections,Families
Family Unions and Intersections,Generalized Set Dualities
Family Unions and Intersections,Set Unions and Intersections
Set Numbers,Finite Sets
Function Inverses,Function Composites
Function Inverses,Function Images
Statements,Identities
Statements,Sets
Generalized Set Dualities,Intersection of Empty Set
Generalized Set Dualities,Set Dualities
Set Unions and Intersections,Pair Intersections
Set Unions and Intersections,Pair Unions
Function Composites,Functions
Function Images,Functions
Identities,Names
Set Dualities,Pair Intersections
Set Dualities,Pair Unions
Set Dualities,Set Complements
